Identifier,Name,Parent,Area/Region,Section,Metres,Feet,Latitude,Longitude,Ascent,Notes
463,Cairn of Claise,,Braemar to Montrose,7A,1063.1,3488,56.894179,-3.338638,09/11/2024,SUMC 
467,Carn an Tuirc,,Braemar to Montrose,7A,1018.8,3343,56.908265,-3.357125,09/11/2024,SUMC 
198,Beinn a' Bheithir - Sgorr Dhonuill,,Loch Linnhe to Loch Etive,3B,1002.1,3288,56.650531,-5.19789,12/10/2024,SUMC
195,Beinn a' Bheithir - Sgorr Dhearg,,Loch Linnhe to Loch Etive,3B,1024.2,3360,56.65393,-5.171511,12/10/2024,SUMC 
539,Derry Cairngorm,,Cairngorms,8A,1155.8,3792,57.062801,-3.622004,17/08/2024,
457,Lochnagar - Cac Carn Beag,,Braemar to Montrose,7A,1155.7,3792,56.960272,-3.245261,22/12/2021,
103,Schiehallion,,Loch Rannoch to Glen Lyon,2A,1083.3,3554,56.666942,-4.10023,20/10/2021,
428,Carn a' Gheoidh,,Pitlochry to Braemar & Blairgowrie,6B,976.1,3202,56.873065,-3.466616,01/08/2021,
587,Beinn Bhreac,,Cairngorms,8B,930.3,3052,57.055072,-3.553472,25/10/2020,Finn and Dad (and Alan)
810,Tom a' Choinnich,,Loch Duich to Cannich,11A,1112.7,3651,57.299545,-5.048945,16/10/2020,Mum and Dad and Finn and the Baxter’s 
818,Toll Creagach,,Loch Duich to Cannich,11A,1053.7,3457,57.309228,-4.999937,16/10/2020,Mum and Dad and Finn and the Baxter’s 
438,Carn Aosda,,Pitlochry to Braemar & Blairgowrie,6B,915.3,3003,56.895696,-3.423274,16/08/2020,Mum and Dad and Finn
435,The Cairnwell,,Pitlochry to Braemar & Blairgowrie,6B,933,3061,56.87952,-3.421199,16/08/2020,Mum and Dad and Finn
461,Glas Maol,,Braemar to Montrose,7A,1067.7,3503,56.873068,-3.368237,16/08/2020,
472,Creag Leacach,,Braemar to Montrose,7A,988.2,3242,56.85464,-3.387768,16/08/2020,Mum and Dad and Finn 
485,Mount Keen,,Braemar to Montrose,7B,939.4,3082,56.96976,-2.973622,05/08/2020,Dad
525,Cairn Gorm,,Cairngorms,8A,1244.8,4084,57.116714,-3.644477,21/07/2020,Mum
390,A' Bhuidheanach Bheag,,Loch Ericht to Glen Tromie & Glen Garry,5B,936,3071,56.870342,-4.199001,,
623,A' Chailleach,,Glen Albyn and the Monadh Liath,9B,929.3,3049,57.109564,-4.179285,,
1043,A' Chailleach,,The Fannaichs,14B,998.6,3276,57.693773,-5.128713,,
862,A' Chraileag,,Glen Affric to Glen Moriston,11B,1120,3675,57.184186,-5.154837,,
846,A' Ghlas-bheinn,,Loch Duich to Cannich,11A,918,3012,57.255081,-5.303686,,
1014,A' Mhaighdean,,Loch Maree to Loch Broom,14A,967,3173,57.719653,-5.346721,,
386,A' Mharconaich,,Loch Ericht to Glen Tromie & Glen Garry,5A,973.2,3193,56.857002,-4.290668,,
1254,Am Basteir,,Minginish and the Cuillin Hills,17B,934,3064,57.24794,-6.202966,,
303,Am Bodach,,Fort William to Loch Treig & Loch Leven,4A,1031.8,3385,56.74173,-4.98337,,
1066,Am Faochagach,,Loch Broom to Strath Oykel,15A,953,3127,57.771801,-4.853882,,
31,An Caisteal,,Loch Lomond to Strathyre,1C,995.9,3267,56.338618,-4.62437,,
1052,An Coileachan,,The Fannaichs,14B,924,3031,57.667625,-4.949498,,
312,An Gearanach,,Fort William to Loch Treig & Loch Leven,4A,981.5,3220,56.759172,-4.96623,,
927,An Riabhachan,,Killilan to Inverness,12B,1129,3704,57.362437,-5.104745,,
407,An Sgarsoch,,Glen Tromie to Glen Tilt,6A,1006.5,3302,56.932109,-3.754294,,
433,An Socach,,Pitlochry to Braemar & Blairgowrie,6B,942.8,3093,56.902007,-3.512431,,
845,An Socach,,Loch Duich to Cannich,11A,919.7,3017,57.25755,-5.171311,,
931,An Socach,,Killilan to Inverness,12B,1069,3507,57.350229,-5.158603,,
142,An Stuc,,Glen Lyon to Glen Dochart & Loch Tay,2B,1117.1,3665,56.560084,-4.216248,,
1003,An Teallach - Bidein a' Ghlas Thuill,,Loch Maree to Loch Broom,14A,1062.6,3486,57.807107,-5.251768,,
1004,An Teallach - Sgurr Fiona,,Loch Maree to Loch Broom,14A,1058.7,3473,57.800726,-5.259443,,
685,Aonach air Chrith,,Glen Shiel to Loch Hourn and Loch Quoich,10A,1019.5,3345,57.12464,-5.221291,,
279,Aonach Beag,,Fort William to Loch Treig & Loch Leven,4A,1234,4049,56.799998,-4.954138,,
347,Aonach Beag,,Loch Treig to Loch Ericht,4B,1115.8,3661,56.833498,-4.529175,,
179,Aonach Eagach - Meall Dearg,,Loch Leven to Rannoch Station,3A,952.3,3124,56.68074,-5.003235,,
178,Aonach Eagach - Sgorr nam Fiannaidh,,Loch Leven to Rannoch Station,3A,967.7,3175,56.679387,-5.037143,,
828,Aonach Meadhoin,,Loch Duich to Cannich,11A,1001,3284,57.173026,-5.229166,,
281,Aonach Mor,,Fort William to Loch Treig & Loch Leven,4A,1220.4,4004,56.812941,-4.961712,,
529,Beinn a' Bhuird,,Cairngorms,8B,1196,3924,57.08759,-3.499383,,
559,Beinn a' Chaorainn,,Cairngorms,8B,1083.3,3554,57.093263,-3.577433,,
663,Beinn a' Chaorainn,,Loch Lochy to Loch Laggan,9C,1049.1,3442,56.928624,-4.653644,,
349,Beinn a' Chlachair,,Loch Treig to Loch Ericht,4B,1087.8,3569,56.869534,-4.509668,,
75,Beinn a' Chleibh,,Inveraray to Crianlarich,1D,916.3,3006,56.39023,-4.83563,,
251,Beinn a' Chochuill,,Glen Etive to Glen Lochy,3C,980,3215,56.44979,-5.068552,,
104,Beinn a' Chreachain,,Loch Rannoch to Glen Lyon,2A,1080.6,3545,56.560387,-4.647589,,
2925,Beinn a' Chroin,,Loch Lomond to Strathyre,1C,941.4,3089,56.331991,-4.609644,,
422,Beinn a' Ghlo - Braigh Coire Chruinn-bhalgain,,Pitlochry to Braemar & Blairgowrie,6B,1070,3510,56.831101,-3.729489,,
429,Beinn a' Ghlo - Carn Liath,,Pitlochry to Braemar & Blairgowrie,6B,975.8,3201,56.80777,-3.74409,,
421,Beinn a' Ghlo - Carn nan Gabhar,,Pitlochry to Braemar & Blairgowrie,6B,1121.9,3681,56.839846,-3.688022,,
108,Beinn Achaladair,,Loch Rannoch to Glen Lyon,2A,1038.6,3407,56.551909,-4.694515,,
957,Beinn Alligin - Sgurr Mor,,Loch Torridon to Loch Maree,13A,986,3235,57.590829,-5.572765,,
968,Beinn Alligin - Tom na Gruagaich,,Loch Torridon to Loch Maree,13A,922,3025,57.580519,-5.581912,,
112,Beinn an Dothaidh,,Loch Rannoch to Glen Lyon,2A,1004,3294,56.53013,-4.713981,,
354,Beinn Bheoil,,Loch Treig to Loch Ericht,4B,1019,3343,56.813267,-4.430662,,
538,Beinn Bhrotain,,Cairngorms,8A,1157,3796,57.009868,-3.723797,,
70,Beinn Bhuidhe,,Inveraray to Crianlarich,1D,948.5,3112,56.326686,-4.906709,,
38,Beinn Chabhair,,Loch Lomond to Strathyre,1C,932.2,3058,56.325779,-4.641476,,
152,Beinn Challuim,,Glen Lyon to Glen Dochart & Loch Tay,2B,1024.9,3363,56.454573,-4.619184,,
406,Beinn Dearg,,Glen Tromie to Glen Tilt,6A,1008.7,3309,56.877346,-3.883719,,
1062,Beinn Dearg,,Loch Broom to Strath Oykel,15A,1084,3556,57.78635,-4.929557,,
105,Beinn Dorain,,Loch Rannoch to Glen Lyon,2A,1076,3530,56.50287,-4.722173,,
69,Beinn Dubhchraig,,Inveraray to Crianlarich,1D,978.6,3211,56.391295,-4.743193,,
348,Beinn Eibhinn,,Loch Treig to Loch Ericht,4B,1103.3,3620,56.825255,-4.542077,,
955,Beinn Eighe - Ruadh-stac Mor,,Loch Torridon to Loch Maree,13A,1010,3314,57.593735,-5.429454,,
956,Beinn Eighe - Spidean Coire nan Clach,,Loch Torridon to Loch Maree,13A,993,3258,57.582098,-5.403706,,
249,Beinn Eunaich,,Glen Etive to Glen Lochy,3C,989,3245,56.450352,-5.026639,,
823,Beinn Fhada,,Loch Duich to Cannich,11A,1031.9,3385,57.221002,-5.283519,,
201,Beinn Fhionnlaidh,,Loch Linnhe to Loch Etive,3B,959,3146,56.600978,-5.104749,,
826,Beinn Fhionnlaidh,,Loch Duich to Cannich,11A,1004.8,3297,57.305977,-5.129909,,
144,Beinn Ghlas,,Glen Lyon to Glen Dochart & Loch Tay,2B,1103,3619,56.535996,-4.236992,,
68,Beinn Ime,,Inveraray to Crianlarich,1D,1012.2,3321,56.236794,-4.817125,,
425,Beinn Iutharn Mhor,,Pitlochry to Braemar & Blairgowrie,6B,1045,3428,56.894994,-3.568229,,
983,Beinn Liath Mhor,,Applecross to Achnasheen,13B,926,3038,57.512073,-5.400633,,
1046,Beinn Liath Mhor Fannaich,,The Fannaichs,14B,954.2,3131,57.706095,-4.989775,,
122,Beinn Mhanach,,Loch Rannoch to Glen Lyon,2A,952.5,3125,56.534032,-4.646042,,
531,Beinn Mheadhoin,,Cairngorms,8A,1182.9,3881,57.095849,-3.611464,,
364,Beinn na Lap,,Loch Treig to Loch Ericht,4B,935,3068,56.78939,-4.659977,,
254,Beinn nan Aighenan,,Glen Etive to Glen Lochy,3C,959,3146,56.520349,-5.011178,,
74,Beinn Narnain,,Inveraray to Crianlarich,1D,926.8,3041,56.220956,-4.789003,,
695,Beinn Sgritheall,,Glen Shiel to Loch Hourn and Loch Quoich,10A,974,3196,57.153815,-5.579727,,
207,Beinn Sgulaird,,Loch Linnhe to Loch Etive,3B,937,3074,56.56624,-5.170399,,
145,Beinn Sheasgarnaich,,Glen Lyon to Glen Dochart & Loch Tay,2B,1077.4,3535,56.510254,-4.579217,,
1019,Beinn Tarsuinn,,Loch Maree to Loch Broom,14A,933.8,3064,57.702051,-5.291634,,
675,Beinn Teallach,,Loch Lochy to Loch Laggan,9C,914.6,3001,56.935932,-4.694754,,
35,Beinn Tulaichean,,Loch Lomond to Strathyre,1C,945.8,3103,56.342234,-4.563315,,
383,Beinn Udlamain,,Loch Ericht to Glen Tromie & Glen Garry,5A,1010.2,3314,56.835444,-4.329976,,
345,Ben Alder,,Loch Treig to Loch Ericht,4B,1148,3766,56.813796,-4.465089,,
536,Ben Avon - Leabaidh an Daimh Bhuidhe,,Cairngorms,8B,1172,3845,57.099347,-3.434438,,
1,Ben Chonzie,,Loch Tay to Perth,1A,930.4,3052,56.453851,-3.992057,,
232,Ben Cruachan,,Glen Etive to Glen Lochy,3C,1127,3698,56.426841,-5.131802,,
1123,Ben Hope,,Durness to Loch Shin,16B,927,3041,58.413113,-4.60786,,
1165,Ben Klibreck - Meall nan Con,,Altnaharra to Dornoch,16D,962.1,3156,58.235202,-4.41113,,
141,Ben Lawers,,Glen Lyon to Glen Dochart & Loch Tay,2B,1214,3983,56.544921,-4.220876,,
32,Ben Lomond,,Loch Lomond to Strathyre,1C,973.7,3195,56.190302,-4.63301,,
65,Ben Lui,,Inveraray to Crianlarich,1D,1131.4,3712,56.397004,-4.810509,,
518,Ben Macdui,,Cairngorms,8A,1309.3,4296,57.070368,-3.669099,,
26,Ben More,,Loch Lomond to Strathyre,1C,1174,3852,56.385952,-4.540087,,
1301,Ben More,,Mull and Nearby Islands,17E,966,3169,56.424829,-6.013999,,
1183,Ben More Assynt,,Scourie to Lairg,16E,998.9,3277,58.138164,-4.858208,,
278,Ben Nevis,,Fort William to Loch Treig & Loch Leven,4A,1344.53,4411,56.796891,-5.003675,,
67,Ben Oss,,Inveraray to Crianlarich,1D,1029.8,3379,56.389027,-4.775179,,
238,Ben Starav,,Glen Etive to Glen Lochy,3C,1079.5,3542,56.538922,-5.049748,,
76,Ben Vane,,Inveraray to Crianlarich,1D,915.76,3004,56.249786,-4.781655,,
17,Ben Vorlich,,Strathyre to Strathallan,1B,985.3,3233,56.34268,-4.219464,,
71,Ben Vorlich,,Inveraray to Crianlarich,1D,942.8,3093,56.274021,-4.755046,,
1088,Ben Wyvis - Glas Leathad Mor,,Loch Vaich to Moray Firth,15B,1046,3432,57.678914,-4.57925,,
191,Bidean nam Bian,,Loch Linnhe to Loch Etive,3B,1149.4,3771,56.642759,-5.029335,,
898,Bidein a' Choire Sheasgaich,,Kyle of Lochalsh to Garve,12A,945,3100,57.41971,-5.250472,,
320,Binnein Beag,,Fort William to Loch Treig & Loch Leven,4A,943,3094,56.766961,-4.911161,,
287,Binnein Mor,,Fort William to Loch Treig & Loch Leven,4A,1130,3707,56.754376,-4.925796,,
1255,Blabheinn,,Minginish and the Cuillin Hills,17B,928.8,3047,57.219565,-6.09321,,
519,Braeriach,,Cairngorms,8A,1296,4252,57.078298,-3.728373,,
470,Broad Cairn,,Braemar to Montrose,7A,998,3274,56.919148,-3.249082,,
1247,Bruach na Frithe,,Minginish and the Cuillin Hills,17B,958.8,3146,57.246761,-6.210795,,
209,Buachaille Etive Beag - Stob Coire Raineach,,Loch Linnhe to Loch Etive,3B,924.5,3033,56.649895,-4.951601,,
202,Buachaille Etive Beag - Stob Dubh,,Loch Linnhe to Loch Etive,3B,958,3143,56.638159,-4.970747,,
196,Buachaille Etive Mor - Stob Dearg,,Loch Linnhe to Loch Etive,3B,1021.4,3351,56.646228,-4.900377,,
203,Buachaille Etive Mor - Stob na Broige,,Loch Linnhe to Loch Etive,3B,953.4,3128,56.629879,-4.951162,,
557,Bynack More,,Cairngorms,8A,1090,3576,57.13822,-3.584733,,
468,Cairn Bannoch,,Braemar to Montrose,7A,1012,3320,56.927728,-3.278403,,
521,Cairn Toul,,Cairngorms,8A,1291,4236,57.054406,-3.710757,,
409,Carn a' Chlamain,,Glen Tromie to Glen Tilt,6A,963.5,3161,56.860965,-3.779634,,
459,Carn a' Choire Bhoidheach,,Braemar to Montrose,7A,1109.9,3641,56.945773,-3.272707,,
567,Carn a' Mhaim,,Cairngorms,8A,1037,3402,57.036871,-3.658384,,
408,Carn an Fhidhleir,,Glen Tromie to Glen Tilt,6A,994,3261,56.936029,-3.801535,,
426,Carn an Righ,,Pitlochry to Braemar & Blairgowrie,6B,1029,3376,56.876583,-3.595273,,
465,Carn an t-Sagairt Mor,,Braemar to Montrose,7A,1047,3435,56.942973,-3.303227,,
432,Carn Bhac,,Pitlochry to Braemar & Blairgowrie,6B,945.1,3101,56.930558,-3.560897,,
352,Carn Dearg,,Loch Treig to Loch Ericht,4B,1034,3392,56.855242,-4.454693,,
363,Carn Dearg,,Loch Treig to Loch Ericht,4B,941,3087,56.759922,-4.589888,,
621,Carn Dearg,,Glen Albyn and the Monadh Liath,9B,945.7,3103,57.092261,-4.253246,,
803,Carn Eighe,,Loch Duich to Cannich,11A,1182.8,3881,57.287701,-5.115159,,
871,Carn Ghluasaid,,Glen Affric to Glen Moriston,11B,956.3,3137,57.165959,-5.068159,,
109,Carn Gorm,,Loch Rannoch to Glen Lyon,2A,1029.5,3378,56.622537,-4.226021,,
668,Carn Liath,,Loch Lochy to Loch Laggan,9C,1006.1,3301,56.978793,-4.515289,,
107,Carn Mairg,,Loch Rannoch to Glen Lyon,2A,1043,3422,56.634635,-4.145624,,
282,Carn Mor Dearg,,Fort William to Loch Treig & Loch Leven,4A,1220,4003,56.805246,-4.986616,,
389,Carn na Caim,,Loch Ericht to Glen Tromie & Glen Garry,5B,940.8,3087,56.911722,-4.174444,,
895,Carn nan Gobhar,,Kyle of Lochalsh to Garve,12A,992,3255,57.452331,-4.879935,,
936,Carn nan Gobhar,,Killilan to Inverness,12B,992.3,3256,57.363304,-5.024544,,
626,Carn Sgulain,,Glen Albyn and the Monadh Liath,9B,920.3,3019,57.124371,-4.176986,,
351,Chno Dearg,,Loch Treig to Loch Ericht,4B,1046,3432,56.830077,-4.66083,,
834,Ciste Dhubh,,Loch Duich to Cannich,11A,981.1,3219,57.199234,-5.209032,,
1063,Cona' Mheall,,Loch Broom to Strath Oykel,15A,977.8,3208,57.791077,-4.903418,,
1184,Conival,,Scourie to Lairg,16E,987.6,3240,58.135689,-4.883497,,
700,Creag a' Mhaim,,Glen Shiel to Loch Hourn and Loch Quoich,10A,946.2,3104,57.120971,-5.160048,,
658,Creag Meagaidh,,Loch Lochy to Loch Laggan,9C,1128.1,3701,56.952023,-4.602117,,
148,Creag Mhor,,Glen Lyon to Glen Dochart & Loch Tay,2B,1046.8,3434,56.489519,-4.614038,,
708,Creag nan Damh,,Glen Shiel to Loch Hourn and Loch Quoich,10A,917.2,3009,57.147262,-5.33496,,
367,Creag Pitridh,,Loch Treig to Loch Ericht,4B,924.5,3033,56.899712,-4.484972,,
235,Creise,,Glen Etive to Glen Lochy,3C,1099.8,3608,56.614448,-4.871987,,
30,Cruach Ardrain,,Loch Lomond to Strathyre,1C,1045.9,3431,56.356438,-4.576152,,
483,Driesh,,Braemar to Montrose,7A,947.6,3109,56.848003,-3.196539,,
692,Druim Shionnach,,Glen Shiel to Loch Hourn and Loch Quoich,10A,985.2,3232,57.126794,-5.182841,,
1068,Eididh nan Clach Geala,,Loch Broom to Strath Oykel,15A,927,3041,57.813492,-4.934218,,
1050,Fionn Bheinn,,The Fannaichs,14B,933,3061,57.611148,-5.102696,,
741,Gairich,,Knoydart to Glen Kingie,10B,919,3015,57.044879,-5.255827,,
732,Garbh Chioch Mhor,,Knoydart to Glen Kingie,10B,1012.9,3323,57.008556,-5.444322,,
350,Geal Charn,,Loch Treig to Loch Ericht,4B,1049.7,3444,56.897763,-4.457236,,
624,Geal Charn,,Glen Albyn and the Monadh Liath,9B,926,3038,57.057427,-4.373589,,
346,Geal-charn,,Loch Treig to Loch Ericht,4B,1132,3714,56.837827,-4.509693,,
392,Geal-charn,,Loch Ericht to Glen Tromie & Glen Garry,5A,917.1,3009,56.874433,-4.304519,,
245,Glas Bheinn Mhor,,Glen Etive to Glen Lochy,3C,997.7,3273,56.542434,-5.005252,,
424,Glas Tulaichean,,Pitlochry to Braemar & Blairgowrie,6B,1051,3448,56.865757,-3.55818,,
683,Gleouraich,,Glen Shiel to Loch Hourn and Loch Quoich,10A,1035,3396,57.097163,-5.238035,,
773,Gulvain,,Mallaig to Fort William,10D,987,3238,56.936211,-5.284527,,
731,Ladhar Bheinn,,Knoydart to Glen Kingie,10B,1020,3346,57.075263,-5.591745,,
954,Liathach - Mullach an Rathain,,Loch Torridon to Loch Maree,13A,1023.8,3359,57.560875,-5.492498,,
953,Liathach - Spidean a' Choire Leith,,Loch Torridon to Loch Maree,13A,1054.8,3461,57.564197,-5.463609,,
739,Luinne Bheinn,,Knoydart to Glen Kingie,10B,938.6,3079,57.048325,-5.513607,,
896,Lurg Mhor,,Kyle of Lochalsh to Garve,12A,987,3238,57.413091,-5.223666,,
804,Mam Sodhail,,Loch Duich to Cannich,11A,1179.4,3869,57.279801,-5.120267,,
890,Maoile Lunndaidh,,Kyle of Lochalsh to Garve,12A,1004.9,3297,57.464477,-5.111002,,
982,Maol Chean-dearg,,Applecross to Achnasheen,13B,933,3061,57.491697,-5.465549,,
693,Maol Chinn-dearg,,Glen Shiel to Loch Hourn and Loch Quoich,10A,980.3,3216,57.12756,-5.252651,,
486,Mayar,,Braemar to Montrose,7A,928.6,3047,56.848936,-3.246316,,
233,Meall a' Bhuiridh,,Glen Etive to Glen Lochy,3C,1107.9,3635,56.612216,-4.852159,,
163,Meall a' Choire Leith,,Glen Lyon to Glen Dochart & Loch Tay,2B,925.6,3037,56.566312,-4.259617,,
1049,Meall a' Chrasgaidh,,The Fannaichs,14B,934,3064,57.712866,-5.048742,,
123,Meall Buidhe,,Loch Rannoch to Glen Lyon,2A,932.1,3058,56.617231,-4.448608,,
737,Meall Buidhe,,Knoydart to Glen Kingie,10B,945.5,3102,57.031543,-5.546333,,
388,Meall Chuaich,,Loch Ericht to Glen Tromie & Glen Garry,5B,950.8,3119,56.96385,-4.112568,,
146,Meall Corranaich,,Glen Lyon to Glen Dochart & Loch Tay,2B,1069,3507,56.540955,-4.25347,,
118,Meall Garbh,,Loch Rannoch to Glen Lyon,2A,967.5,3174,56.637381,-4.207472,,
143,Meall Garbh,,Glen Lyon to Glen Dochart & Loch Tay,2B,1123.1,3685,56.566131,-4.207698,,
150,Meall Ghaordaidh,,Glen Lyon to Glen Dochart & Loch Tay,2B,1039.8,3411,56.525809,-4.416654,,
158,Meall Glas,,Glen Lyon to Glen Dochart & Loch Tay,2B,959.3,3147,56.455711,-4.546837,,
1047,Meall Gorm,,The Fannaichs,14B,949.7,3116,57.680837,-4.983801,,
154,Meall Greigh,,Glen Lyon to Glen Dochart & Loch Tay,2B,1001,3284,56.567417,-4.159559,,
115,Meall na Aighean,,Loch Rannoch to Glen Lyon,2A,981,3219,56.620627,-4.128741,,
759,Meall na Teanga,,Loch Arkaig to Glen Moriston,10C,916.8,3008,56.989039,-4.930941,,
1064,Meall nan Ceapraichean,,Loch Broom to Strath Oykel,15A,976.8,3205,57.798514,-4.934012,,
258,Meall nan Eun,,Glen Etive to Glen Lochy,3C,928.1,3045,56.561176,-4.942926,,
149,Meall nan Tarmachan,,Glen Lyon to Glen Dochart & Loch Tay,2B,1043.6,3424,56.521673,-4.301344,,
549,Monadh Mor,,Cairngorms,8A,1113,3652,57.0268,-3.75007,,
899,Moruisg,,Kyle of Lochalsh to Garve,12A,925.7,3037,57.499712,-5.17063,,
571,Mullach Clach a' Bhlair,,Cairngorms,8A,1019,3343,57.011879,-3.841271,,
1007,Mullach Coire Mhic Fhearchair,,Loch Maree to Loch Broom,14A,1015.2,3331,57.708995,-5.271357,,
864,Mullach Fraoch-choire,,Glen Affric to Glen Moriston,11B,1100.9,3612,57.205388,-5.155637,,
833,Mullach na Dheiragain,,Loch Duich to Cannich,11A,982,3222,57.283399,-5.186333,,
321,Mullach nan Coirean,,Fort William to Loch Treig & Loch Leven,4A,939.3,3082,56.749866,-5.072446,,
301,Na Gruagaichean,,Fort William to Loch Treig & Loch Leven,4A,1054.3,3459,56.743699,-4.939851,,
1023,Ruadh Stac Mor,,Loch Maree to Loch Broom,14A,918.7,3014,57.726781,-5.329288,,
867,Sail Chaorainn,,Glen Affric to Glen Moriston,11B,999.2,3278,57.191631,-5.091183,,
839,Saileag,,Loch Duich to Cannich,11A,956,3136,57.181264,-5.281331,,
1069,Seana Bhraigh,,Loch Broom to Strath Oykel,15A,926,3038,57.84733,-4.89662,,
384,Sgairneach Mhor,,Loch Ericht to Glen Tromie & Glen Garry,5A,991,3251,56.828447,-4.297792,,
165,Sgiath Chuil,,Glen Lyon to Glen Dochart & Loch Tay,2B,920.1,3019,56.453157,-4.495638,,
523,Sgor an Lochain Uaine,,Cairngorms,8A,1258,4127,57.058376,-3.725897,,
361,Sgor Gaibhre,,Loch Treig to Loch Ericht,4B,955,3133,56.772553,-4.546498,,
548,Sgor Gaoith,,Cairngorms,8A,1116,3661,57.068552,-3.810856,,
981,Sgorr Ruadh,,Applecross to Achnasheen,13B,960.7,3152,57.498622,-5.407747,,
821,Sgurr a' Bhealaich Dheirg,,Loch Duich to Cannich,11A,1036,3399,57.177825,-5.252177,,
885,Sgurr a' Chaorachain,,Kyle of Lochalsh to Garve,12A,1053,3455,57.452501,-5.189284,,
884,Sgurr a' Choire Ghlais,,Kyle of Lochalsh to Garve,12A,1083.7,3555,57.444288,-4.903757,,
1243,Sgurr a' Ghreadaidh,,Minginish and the Cuillin Hills,17B,972.1,3189,57.227313,-6.234425,,
1259,Sgurr a' Mhadaidh,,Minginish and the Cuillin Hills,17B,918,3012,57.230868,-6.231947,,
295,Sgurr a' Mhaim,,Fort William to Loch Treig & Loch Leven,4A,1099,3606,56.75592,-5.00369,,
684,Sgurr a' Mhaoraich,,Glen Shiel to Loch Hourn and Loch Quoich,10A,1026.6,3368,57.105673,-5.330394,,
1239,Sgurr Alasdair,,Minginish and the Cuillin Hills,17B,992,3255,57.206589,-6.224143,,
687,Sgurr an Doire Leathain,,Glen Shiel to Loch Hourn and Loch Quoich,10A,1010,3314,57.13687,-5.281531,,
690,Sgurr an Lochain,,Glen Shiel to Loch Hourn and Loch Quoich,10A,1004,3294,57.141288,-5.297466,,
1009,Sgurr Ban,,Loch Maree to Loch Broom,14A,989,3245,57.718538,-5.265903,,
1042,Sgurr Breac,,The Fannaichs,14B,999.6,3280,57.691943,-5.09131,,
892,Sgurr Choinnich,,Kyle of Lochalsh to Garve,12A,999.3,3279,57.451026,-5.207916,,
296,Sgurr Choinnich Mor,,Fort William to Loch Treig & Loch Leven,4A,1094,3589,56.80043,-4.90396,,
1240,Sgurr Dearg - Inaccessible Pinnacle,,Minginish and the Cuillin Hills,17B,985.8,3234,57.213261,-6.234818,,
1250,Sgurr Dubh Mor,,Minginish and the Cuillin Hills,17B,944.1,3097,57.204869,-6.211385,,
305,Sgurr Eilde Mor,,Fort William to Loch Treig & Loch Leven,4A,1010,3314,56.750006,-4.895435,,
886,Sgurr Fhuar-thuill,,Kyle of Lochalsh to Garve,12A,1049.2,3442,57.44968,-4.94178,,
815,Sgurr Fhuaran,,Loch Duich to Cannich,11A,1068.8,3507,57.19615,-5.34765,,
1248,Sgurr Mhic Choinnich,,Minginish and the Cuillin Hills,17B,948.1,3111,57.208956,-6.224099,,
733,Sgurr Mor,,Knoydart to Glen Kingie,10B,1003,3291,57.028446,-5.354206,,
1040,Sgurr Mor,,The Fannaichs,14B,1108.9,3638,57.700133,-5.016765,,
1245,Sgurr na Banachdich,,Minginish and the Cuillin Hills,17B,965,3166,57.220972,-6.241638,,
827,Sgurr na Carnach,,Loch Duich to Cannich,11A,1002,3287,57.189034,-5.349224,,
730,Sgurr na Ciche,,Knoydart to Glen Kingie,10B,1040.2,3413,57.013451,-5.456871,,
825,Sgurr na Ciste Duibhe,,Loch Duich to Cannich,11A,1027,3369,57.180924,-5.337134,,
199,Sgurr na h-Ulaidh,,Loch Linnhe to Loch Etive,3B,994,3261,56.619796,-5.08006,,
926,Sgurr na Lapaich,,Killilan to Inverness,12B,1151.9,3779,57.369311,-5.059726,,
894,Sgurr na Ruaidhe,,Kyle of Lochalsh to Garve,12A,993,3258,57.441497,-4.852465,,
701,Sgurr na Sgine,,Glen Shiel to Loch Hourn and Loch Quoich,10A,946,3104,57.147088,-5.396666,,
805,Sgurr nan Ceathramhnan,,Loch Duich to Cannich,11A,1149.7,3772,57.254911,-5.222732,,
1041,Sgurr nan Clach Geala,,The Fannaichs,14B,1093,3586,57.696278,-5.048237,,
736,Sgurr nan Coireachan,,Knoydart to Glen Kingie,10B,953.8,3129,57.007158,-5.40544,,
776,Sgurr nan Coireachan,,Mallaig to Fort William,10D,956.3,3137,56.935728,-5.448551,,
863,Sgurr nan Conbhairean,,Glen Affric to Glen Moriston,11B,1109,3638,57.177622,-5.095407,,
1051,Sgurr nan Each,,The Fannaichs,14B,923,3028,57.681008,-5.04635,,
1258,Sgurr nan Eag,,Minginish and the Cuillin Hills,17B,926.3,3039,57.19581,-6.211264,,
1246,Sgurr nan Gillean,,Minginish and the Cuillin Hills,17B,966.1,3170,57.248215,-6.193159,,
774,Sgurr Thuilm,,Mallaig to Fort William,10D,963,3159,56.937056,-5.389207,,
1010,Slioch,,Loch Maree to Loch Broom,14A,981,3219,57.667148,-5.347061,,
691,Spidean Mialach,,Glen Shiel to Loch Hourn and Loch Quoich,10A,996,3268,57.088964,-5.193614,,
758,Sron a' Choire Ghairbh,,Loch Arkaig to Glen Moriston,10C,936.2,3072,57.00784,-4.928747,,
292,Stob a' Choire Mheadhoin,,Fort William to Loch Treig & Loch Leven,4A,1105,3625,56.823684,-4.760199,,
255,Stob a' Choire Odhair,,Glen Etive to Glen Lochy,3C,945,3100,56.573308,-4.838302,,
309,Stob Ban,,Fort William to Loch Treig & Loch Leven,4A,999.7,3280,56.743706,-5.030328,,
314,Stob Ban,,Fort William to Loch Treig & Loch Leven,4A,977,3205,56.810656,-4.840877,,
27,Stob Binnein,,Loch Lomond to Strathyre,1C,1165,3822,56.370717,-4.535753,,
285,Stob Choire Claurigh,,Fort William to Loch Treig & Loch Leven,4A,1177,3862,56.823786,-4.849624,,
241,Stob Coir' an Albannaich,,Glen Etive to Glen Lochy,3C,1044.9,3428,56.554903,-4.979809,,
313,Stob Coire a' Chairn,,Fort William to Loch Treig & Loch Leven,4A,981.3,3219,56.750756,-4.968985,,
289,Stob Coire an Laoigh,,Fort William to Loch Treig & Loch Leven,4A,1116,3661,56.810877,-4.884907,,
290,Stob Coire Easain,,Fort William to Loch Treig & Loch Leven,4A,1115,3658,56.818199,-4.77371,,
194,Stob Coire Sgreamhach,,Loch Linnhe to Loch Etive,3B,1072,3517,56.638314,-5.010284,,
356,Stob Coire Sgriodain,,Loch Treig to Loch Ericht,4B,979,3212,56.831744,-4.694934,,
244,Stob Daimh,,Glen Etive to Glen Lochy,3C,999.2,3278,56.431336,-5.091319,,
237,Stob Ghabhar,,Glen Etive to Glen Lochy,3C,1089.2,3573,56.568103,-4.882099,,
662,Stob Poite Coire Ardair,,Loch Lochy to Loch Laggan,9C,1052.5,3453,56.964037,-4.585762,,
18,Stuc a' Chroin,,Strathyre to Strathallan,1B,973,3192,56.329315,-4.237533,,
120,Stuc an Lochain,,Loch Rannoch to Glen Lyon,2A,960,3150,56.570907,-4.470602,,
575,The Devil's Point,,Cairngorms,8A,1006.9,3303,57.03571,-3.688803,,
688,The Saddle,,Glen Shiel to Loch Hourn and Loch Quoich,10A,1011.5,3319,57.162395,-5.414721,,
479,Tolmount,,Braemar to Montrose,7A,957.8,3142,56.904724,-3.297946,,
480,Tom Buidhe,,Braemar to Montrose,7A,957.8,3142,56.893624,-3.292357,,
